subject,session,run,order,movie_name,condition,style,mov_len_nominal_s,title_onset_s,title_duration_s,movie_onset_s,movie_duration_s,movie_onset_TR,movie_duration_TR,movie_end_s,TR,run_n_volumes,run_duration_s,source_csv,bold_sidecar_found,bold_nii_found
sub-03,ses-19,run-01,1,Snack Attack,2.0,"Animated, no speech",227.0,13.509464,1.971639,15.483065,227.006777,10.322,151.3379,242.489842,1.5,628,942.0,3_1_1_mem_search_recall_2025-04-01_12h39.55.925.csv,True,True
sub-03,ses-19,run-01,2,Big Take,2.0,"Live-action, (very little) speech",188.0,248.637967,2.950217,251.590832,188.009799,167.7272,125.3399,439.600631,1.5,628,942.0,3_1_1_mem_search_recall_2025-04-01_12h39.55.925.csv,True,True
sub-03,ses-19,run-01,3,The Bench,3.0,"Live-action, speech",238.0,445.63395,2.965789,448.602551,237.987561,299.0684,158.6584,686.590112,1.5,628,942.0,3_1_1_mem_search_recall_2025-04-01_12h39.55.925.csv,True,True
sub-03,ses-19,run-01,4,Table 7,1.0,"Live-action, speech",214.0,692.621542,2.966993,695.591361,213.990951,463.7276,142.6606,909.582312,1.5,628,942.0,3_1_1_mem_search_recall_2025-04-01_12h39.55.925.csv,True,True
sub-03,ses-19,run-02,1,Negative Space,1.0,"Animated, speech",289.0,12.57283,2.908155,15.48311,288.999068,10.3221,192.666,304.482178,1.5,734,1101.0,3_1_2_mem_search_recall_2025-04-01_13h00.30.601.csv,True,True
sub-03,ses-19,run-02,2,Coin Operated,1.0,"Animated, no speech",281.0,310.515496,2.965603,313.483062,280.983588,208.9887,187.3224,594.46665,1.5,734,1101.0,3_1_2_mem_search_recall_2025-04-01_13h00.30.601.csv,True,True
sub-03,ses-19,run-02,3,Synesthesia,1.0,"Live/stop-motion, no speech",169.0,600.499329,2.965784,603.467054,168.99678,402.3114,112.6645,772.463834,1.5,734,1101.0,3_1_2_mem_search_recall_2025-04-01_13h00.30.601.csv,True,True
sub-03,ses-19,run-02,4,From Dad To Son,3.0,"Animated, no speech",288.0,778.512341,2.950001,781.465231,287.998722,520.9768,191.9991,1069.463953,1.5,734,1101.0,3_1_2_mem_search_recall_2025-04-01_13h00.30.601.csv,True,True
sub-03,ses-20,run-01,1,Chicken Or The Egg,1.0,"Animated, almost no speech",192.0,12.606116,2.875062,15.483262,192.010494,10.3222,128.007,207.493756,1.5,668,1002.0,3_2_1_mem_search_recall_2025-04-03_12h10.46.127.csv,True,True
sub-03,ses-20,run-01,2,Body Double,1.0,"Live-action, speech",267.0,213.844037,2.964807,216.811808,267.001148,144.5412,178.0008,483.812956,1.5,668,1002.0,3_2_1_mem_search_recall_2025-04-03_12h10.46.127.csv,True,True
sub-03,ses-20,run-01,3,Fool,2.0,"Animated, speech",231.0,489.843703,2.967685,492.81424,230.988751,328.5428,153.9925,723.802991,1.5,668,1002.0,3_2_1_mem_search_recall_2025-04-03_12h10.46.127.csv,True,True
sub-03,ses-20,run-01,4,The Opposites Game,1.0,"Stop-motion, speech",235.0,729.83848,2.962778,732.803791,234.988946,488.5359,156.6593,967.792737,1.5,668,1002.0,3_2_1_mem_search_recall_2025-04-03_12h10.46.127.csv,True,True
sub-03,ses-20,run-02,1,From Dad To Son,3.0,"Animated, no speech",288.0,12.599535,2.88198,15.483632,287.998959,10.3224,191.9993,303.482591,1.5,708,1062.0,3_2_2_mem_search_recall_2025-04-03_12h32.10.881.csv,True,True
sub-03,ses-20,run-02,2,Identity,1.0,"Live-action, speech",264.0,309.516415,2.965327,312.484939,263.984435,208.3233,175.9896,576.469374,1.5,708,1062.0,3_2_2_mem_search_recall_2025-04-03_12h32.10.881.csv,True,True
sub-03,ses-20,run-02,3,The Bench,3.0,"Live-action, speech",238.0,582.699356,2.968262,585.66998,237.988467,390.4467,158.659,823.658447,1.5,708,1062.0,3_2_2_mem_search_recall_2025-04-03_12h32.10.881.csv,True,True
sub-03,ses-20,run-02,4,Jennifer Lawrence Is Coming,2.0,"Live-action, speech",197.0,829.708411,2.948216,832.659256,196.993437,555.1062,131.329,1029.652693,1.5,708,1062.0,3_2_2_mem_search_recall_2025-04-03_12h32.10.881.csv,True,True
sub-03,ses-21,run-01,1,Tunnel,1.0,"Live-action, no speech",183.0,13.865311,1.615217,15.482646,182.999292,10.3218,121.9995,198.481938,1.5,681,1021.5,3_3_1_mem_search_recall_2025-04-08_12h40.42.238.csv,True,True
sub-03,ses-21,run-01,2,From Dad To Son,3.0,"Animated, no speech",288.0,204.596037,2.963492,207.562177,287.982466,138.3748,191.9883,495.544643,1.5,681,1021.5,3_3_1_mem_search_recall_2025-04-08_12h40.42.238.csv,True,True
sub-03,ses-21,run-01,3,The Heist,1.0,"Animated, speech",234.0,501.576725,2.966387,504.545726,233.988546,336.3638,155.9924,738.534272,1.5,681,1021.5,3_3_1_mem_search_recall_2025-04-08_12h40.42.238.csv,True,True
sub-03,ses-21,run-01,4,Wormwood,2.0,"Animated, speech",242.0,744.76665,2.965613,747.735036,241.988121,498.49,161.3254,989.723157,1.5,681,1021.5,3_3_1_mem_search_recall_2025-04-08_12h40.42.238.csv,True,True
sub-03,ses-21,run-02,1,The Bench,3.0,"Live-action, speech",238.0,12.572986,2.907975,15.483036,238.005688,10.322,158.6705,253.488724,1.5,734,1101.0,3_3_2_mem_search_recall_2025-04-08_13h00.48.169.csv,True,True
sub-03,ses-21,run-02,2,Shotgun,1.0,"Live-action, speech",300.0,259.536529,2.951023,262.490235,299.997241,174.9935,199.9982,562.487476,1.5,734,1101.0,3_3_2_mem_search_recall_2025-04-08_13h00.48.169.csv,True,True
sub-03,ses-21,run-02,3,Finder's Fee,2.0,"Live-action, speech",211.0,568.669063,2.966631,571.637646,210.991191,381.0918,140.6608,782.628837,1.5,734,1101.0,3_3_2_mem_search_recall_2025-04-08_13h00.48.169.csv,True,True
sub-03,ses-21,run-02,4,Sundown,1.0,"Animated, speech",274.0,789.092323,2.96877,792.06373,274.001616,528.0425,182.6677,1066.065346,1.5,734,1101.0,3_3_2_mem_search_recall_2025-04-08_13h00.48.169.csv,True,True
sub-03,ses-22,run-01,1,Under This Luminous Sky,1.0,"Animated, speech",273.0,12.741167,2.739781,15.483078,273.001083,10.3221,182.0007,288.484161,1.5,749,1123.5,3_4_1_mem_search_recall_2025-04-10_12h06.16.778.csv,True,True
sub-03,ses-22,run-01,2,The Bench,3.0,"Live-action, speech",238.0,295.68177,2.967353,298.65108,237.988869,199.1007,158.6592,536.639949,1.5,749,1123.5,3_4_1_mem_search_recall_2025-04-10_12h06.16.778.csv,True,True
sub-03,ses-22,run-01,3,Tomorrowland,2.0,"Live-action, speech",228.0,542.673432,2.964988,545.641385,227.989611,363.7609,151.9931,773.630996,1.5,749,1123.5,3_4_1_mem_search_recall_2025-04-10_12h06.16.778.csv,True,True
sub-03,ses-22,run-01,4,The Hero,1.0,"Animated, speech",309.0,780.151238,2.960862,783.114832,308.996719,522.0766,205.9978,1092.111551,1.5,749,1123.5,3_4_1_mem_search_recall_2025-04-10_12h06.16.778.csv,True,True
sub-03,ses-22,run-02,1,The Queen of Basketball,2.0,"Live-action, speech",256.0,12.576635,2.921172,15.499851,255.987147,10.3332,170.6581,271.486998,1.5,796,1194.0,3_4_2_mem_search_recall_2025-04-10_12h27.38.684.csv,True,True
sub-03,ses-22,run-02,2,From Dad to Son,3.0,"Animated, no speech",288.0,278.001121,2.950456,280.953515,287.999945,187.3023,192.0,568.95346,1.5,796,1194.0,3_4_2_mem_search_recall_2025-04-10_12h27.38.684.csv,True,True
sub-03,ses-22,run-02,3,Good Job,1.0,"Animated, speech",260.0,574.985297,2.96653,577.953745,259.986663,385.3025,173.3244,837.940408,1.5,796,1194.0,3_4_2_mem_search_recall_2025-04-10_12h27.38.684.csv,True,True
sub-03,ses-22,run-02,4,The Gift,1.0,"Live-action, speech",313.0,844.054919,2.966741,847.024497,312.996977,564.683,208.6647,1160.021474,1.5,796,1194.0,3_4_2_mem_search_recall_2025-04-10_12h27.38.684.csv,True,True
sub-03,ses-23,run-01,1,Last Summer,1.0,"Animated, speech",366.0,12.718675,2.762434,15.483188,366.007662,10.3221,244.0051,381.49085,1.5,782,1173.0,3_5_1_mem_search_recall_2025-04-29_12h43.40.018.csv,True,True
sub-03,ses-23,run-01,2,The Bench,3.0,"Live-action, speech",238.0,387.989652,2.966193,390.958513,237.98809,260.639,158.6587,628.946603,1.5,782,1173.0,3_5_1_mem_search_recall_2025-04-29_12h43.40.018.csv,True,True
sub-03,ses-23,run-01,3,Scavengers Reign,1.0,"Animated, speech",219.0,634.979143,2.966132,637.948277,218.989875,425.2989,145.9933,856.938152,1.5,782,1173.0,3_5_1_mem_search_recall_2025-04-29_12h43.40.018.csv,True,True
sub-03,ses-23,run-01,4,The Wishgranter,1.0,"Animated, no speech",273.0,863.418504,2.967608,866.389069,272.984794,577.5927,181.9899,1139.373863,1.5,782,1173.0,3_5_1_mem_search_recall_2025-04-29_12h43.40.018.csv,True,True
sub-03,ses-23,run-02,1,Splash,2.0,"Live-action, speech",311.0,12.579109,2.901751,15.482916,311.013849,10.3219,207.3426,326.496765,1.5,741,1111.5,3_5_2_mem_search_recall_2025-04-29_13h05.21.499.csv,True,True
sub-03,ses-23,run-02,2,Good Luck Chuck,1.0,"Live-action, speech",165.0,333.178674,2.966412,336.147037,164.996912,224.098,109.9979,501.143949,1.5,741,1111.5,3_5_2_mem_search_recall_2025-04-29_13h05.21.499.csv,True,True
sub-03,ses-23,run-02,3,From Dad To Son,3.0,"Animated, no speech",288.0,507.692976,2.966024,510.660882,287.999947,340.4406,192.0,798.660829,1.5,741,1111.5,3_5_2_mem_search_recall_2025-04-29_13h05.21.499.csv,True,True
sub-03,ses-23,run-02,4,Mrs. Harris Goes to Paris,2.0,"Live-action, speech",269.0,804.708826,2.950602,807.661245,268.985677,538.4408,179.3238,1076.646922,1.5,741,1111.5,3_5_2_mem_search_recall_2025-04-29_13h05.21.499.csv,True,True
sub-03,ses-24,run-01,1,From Dad To Son,3.0,"Animated, no speech",288.0,12.620853,2.860039,15.483001,287.999787,10.322,191.9999,303.482788,1.5,775,1162.5,3_6_1_mem_search_recall_2025-05-01_12h05.37.651.csv,True,True
sub-03,ses-24,run-01,2,Sweet Dreams,1.0,"Animated, speech",227.0,309.529334,2.952026,312.483297,226.989909,208.3222,151.3266,539.473206,1.5,775,1162.5,3_6_1_mem_search_recall_2025-05-01_12h05.37.651.csv,True,True
sub-03,ses-24,run-01,3,Golden Hour,1.0,"Animated, speech",334.0,545.979604,2.942187,548.924597,333.994053,365.9497,222.6627,882.91865,1.5,775,1162.5,3_6_1_mem_search_recall_2025-05-01_12h05.37.651.csv,True,True
sub-03,ses-24,run-01,4,The Bench,3.0,,238.0,889.281748,2.951445,892.236248,238.004973,594.8242,158.67,1130.241221,1.5,775,1162.5,3_6_1_mem_search_recall_2025-05-01_12h05.37.651.csv,True,True
sub-03,ses-24,run-02,1,Nonstop,2.0,"Live-action, speech",184.0,12.610766,2.886362,15.499171,184.011876,10.3328,122.6746,199.511047,1.5,602,903.0,3_6_2_mem_search_recall_2025-05-01_12h26.52.130.csv,True,True
sub-03,ses-24,run-02,2,Adventure Time,1.0,"Animated, speech",237.0,205.701488,2.957652,208.661328,236.988943,139.1076,157.9926,445.650271,1.5,602,903.0,3_6_2_mem_search_recall_2025-05-01_12h26.52.130.csv,True,True
sub-03,ses-24,run-02,3,Next Goal Wins,1.0,"Live-action, speech",227.0,452.334,2.964467,455.300431,227.006456,303.5336,151.3376,682.306887,1.5,602,903.0,3_6_2_mem_search_recall_2025-05-01_12h26.52.130.csv,True,True
sub-03,ses-24,run-02,4,Mr Bean,2.0,"Live-action, speech",180.0,688.940606,2.948269,691.890731,180.012308,461.2605,120.0082,871.903039,1.5,602,903.0,3_6_2_mem_search_recall_2025-05-01_12h26.52.130.csv,True,True
sub-03,ses-25,run-01,1,The Bench,3.0,"Live-action, speech",238.0,12.727091,2.769978,15.499094,238.005375,10.3327,158.6702,253.504469,1.5,709,1063.5,3_7_1_mem_search_recall_2025-05-13_12h34.02.363.csv,True,True
sub-03,ses-25,run-01,2,The Soloists,2.0,"Animated, speech",300.0,259.536799,2.966359,262.506054,299.987032,175.004,199.9914,562.493086,1.5,709,1063.5,3_7_1_mem_search_recall_2025-05-13_12h34.02.363.csv,True,True
sub-03,ses-25,run-01,3,Arthur Christmas,1.0,"Animated, speech",181.0,568.8529,2.96627,571.821974,180.993589,381.2146,120.6624,752.815563,1.5,709,1063.5,3_7_1_mem_search_recall_2025-05-13_12h34.02.363.csv,True,True
sub-03,ses-25,run-01,4,Life is Strange,1.0,"Live-action, speech",268.0,758.847584,2.967008,761.817559,267.984379,507.8784,178.6563,1029.801938,1.5,709,1063.5,3_7_1_mem_search_recall_2025-05-13_12h34.02.363.csv,True,True
sub-03,ses-25,run-02,1,The Balcony,2.0,"Animated, speech",316.0,12.606877,2.874076,15.483136,316.01357,10.3221,210.6757,331.496706,1.5,841,1261.5,3_7_2_mem_search_recall_2025-05-13_12h57.22.086.csv,True,True
sub-03,ses-25,run-02,2,White Bird,1.0,"Live-action, speech",290.0,338.194164,2.950711,341.147705,289.998642,227.4318,193.3324,631.146347,1.5,841,1261.5,3_7_2_mem_search_recall_2025-05-13_12h57.22.086.csv,True,True
sub-03,ses-25,run-02,3,From Dad To Son,3.0,"Animated, no speech",288.0,637.678318,2.949341,640.630386,287.999446,427.0869,191.9996,928.629832,1.5,841,1261.5,3_7_2_mem_search_recall_2025-05-13_12h57.22.086.csv,True,True
sub-03,ses-25,run-02,4,She,1.0,"Live-action, speech",289.0,934.661372,2.966833,937.630877,288.998988,625.0873,192.666,1226.629865,1.5,841,1261.5,3_7_2_mem_search_recall_2025-05-13_12h57.22.086.csv,True,True
sub-03,ses-26,run-01,1,Harold & The Purple Crayon,1.0,"Animated, speech",259.0,12.827975,2.668928,15.498883,259.003891,10.3326,172.6693,274.502774,1.5,735,1102.5,3_8_1_mem_search_recall_2025-05-15_12h09.32.547.csv,True,True
sub-03,ses-26,run-01,2,Dungeons & Dragons,1.0,"Live-action, speech",240.0,281.136071,2.964676,284.103468,239.987613,189.4023,159.9917,524.091081,1.5,735,1102.5,3_8_1_mem_search_recall_2025-05-15_12h09.32.547.csv,True,True
sub-03,ses-26,run-01,3,The Bench,3.0,"Live-action, speech",238.0,530.122128,2.967397,533.092449,237.987928,355.395,158.6586,771.080377,1.5,735,1102.5,3_8_1_mem_search_recall_2025-05-15_12h09.32.547.csv,True,True
sub-03,ses-26,run-01,4,From Dad To Son,3.0,"Animated, no speech",288.0,777.111486,2.96716,780.081538,287.999368,520.0544,191.9996,1068.080906,1.5,735,1102.5,3_8_1_mem_search_recall_2025-05-15_12h09.32.547.csv,True,True
sub-03,ses-26,run-02,1,The Adventures of Sharkboy and Lavagirl,1.0,"Live-action, speech",228.0,12.58645,2.894657,15.483273,228.00561,10.3222,152.0037,243.488883,1.5,648,972.0,3_8_2_mem_search_recall_2025-05-15_12h29.48.331.csv,True,True
sub-03,ses-26,run-02,2,Coal Miner's Daughter,2.0,"Live-action, speech",230.0,249.521652,2.965846,252.489438,229.990296,168.3263,153.3269,482.479734,1.5,648,972.0,3_8_2_mem_search_recall_2025-05-15_12h29.48.331.csv,True,True
sub-03,ses-26,run-02,3,Bad Guys,1.0,"Animated, speech",235.0,488.63965,2.955044,491.597326,235.004979,327.7316,156.67,726.602305,1.5,648,972.0,3_8_2_mem_search_recall_2025-05-15_12h29.48.331.csv,True,True
sub-03,ses-26,run-02,4,The Present,2.0,"Animated, speech",203.0,732.632315,2.96823,735.602497,202.993463,490.4017,135.329,938.59596,1.5,648,972.0,3_8_2_mem_search_recall_2025-05-15_12h29.48.331.csv,True,True
sub-03,ses-27,run-01,1,The Bench,3.0,"Live-action, speech",238.0,12.73381,2.730856,15.466685,238.006425,10.3111,158.671,253.47311,1.5,679,1018.5,3_9_1_mem_search_recall_2025-05-20_12h40.22.976.csv,True,True
sub-03,ses-27,run-01,2,Eighth Grade,2.0,"Live-action, speech",281.0,259.502312,2.969442,262.473704,280.984273,174.9825,187.3228,543.457977,1.5,679,1018.5,3_9_1_mem_search_recall_2025-05-20_12h40.22.976.csv,True,True
sub-03,ses-27,run-01,3,Paws of Fury,1.0,"Animated, speech",180.0,549.990344,2.948951,552.941231,180.01219,368.6275,120.0081,732.953421,1.5,679,1018.5,3_9_1_mem_search_recall_2025-05-20_12h40.22.976.csv,True,True
sub-03,ses-27,run-01,4,Downton Abbey,1.0,"Live-action, speech",245.0,739.248774,2.969313,742.221065,245.004265,494.814,163.3362,987.22533,1.5,679,1018.5,3_9_1_mem_search_recall_2025-05-20_12h40.22.976.csv,True,True
sub-03,ses-27,run-02,1,Home,1.0,"Animated, speech",236.0,12.586495,2.894603,15.48317,236.005478,10.3221,157.337,251.488648,1.5,742,1113.0,3_9_2_mem_search_recall_2025-05-20_13h00.06.063.csv,True,True
sub-03,ses-27,run-02,2,Sgt Bilko,1.0,"Live-action, speech",234.0,257.753966,2.966359,260.722277,233.989345,173.8149,155.9929,494.711622,1.5,742,1113.0,3_9_2_mem_search_recall_2025-05-20_13h00.06.063.csv,True,True
sub-03,ses-27,run-02,3,Goodbye Nimbus,2.0,"Animated, speech",281.0,500.878549,2.964483,503.84588,280.987926,335.8973,187.3253,784.833806,1.5,742,1113.0,3_9_2_mem_search_recall_2025-05-20_13h00.06.063.csv,True,True
sub-03,ses-27,run-02,4,From Dad To Son,3.0,"Animated, no speech",288.0,791.426875,2.9678,794.39756,287.998699,529.5984,191.9991,1082.396259,1.5,742,1113.0,3_9_2_mem_search_recall_2025-05-20_13h00.06.063.csv,True,True
sub-03,ses-28,run-01,1,Maple and Mae,1.0,"Animated, speech",320.0,12.604296,2.876882,15.483308,320.012652,10.3222,213.3418,335.49596,1.5,550,825.0,3_10_1_mem_search_recall_2025-05-22_12h09.38.467.csv,True,True
sub-03,ses-28,run-01,2,Working Class Kids,1.0,"Animated, speech",240.0,341.686766,2.957446,344.646339,239.988166,229.7642,159.9921,584.634505,1.5,550,825.0,3_10_1_mem_search_recall_2025-05-22_12h09.38.467.csv,True,True
sub-03,ses-28,run-01,3,Galaxy Quest,1.0,"Live-action, speech",195.0,590.898257,2.968687,593.869549,194.993126,395.913,129.9954,788.862675,1.5,550,825.0,3_10_1_mem_search_recall_2025-05-22_12h09.38.467.csv,True,True
sub-03,ses-28,run-02,1,King Richard,1.0,"Live-action, speech",270.0,12.607143,2.873825,15.482959,270.001404,10.322,180.0009,285.484363,1.5,575,862.5,3_10_2_mem_search_recall_2025-05-22_12h25.10.025.csv,True,True
sub-03,ses-28,run-02,2,The Bench,3.0,"Live-action, speech",238.0,291.515348,2.967684,294.485971,237.987804,196.324,158.6585,532.473775,1.5,575,862.5,3_10_2_mem_search_recall_2025-05-22_12h25.10.025.csv,True,True
sub-03,ses-28,run-02,3,From Dad To Son,3.0,"Animated, no speech",288.0,538.520108,2.952214,541.47496,287.999011,360.9833,191.9993,829.473971,1.5,575,862.5,3_10_2_mem_search_recall_2025-05-22_12h25.10.025.csv,True,True
sub-04,ses-19,run-01,1,Snack Attack,2.0,"Animated, no speech",227.0,12.603239,2.877942,15.483188,227.006332,10.3221,151.3376,242.48952,1.5,694,1041.0,4_1_1_mem_search_recall_2025-04-09_12h47.30.074.csv,True,True
sub-04,ses-19,run-01,2,Coin Operated,1.0,"Animated, no speech",281.0,248.516356,2.971789,251.489979,280.984021,167.66,187.3227,532.474,1.5,694,1041.0,4_1_1_mem_search_recall_2025-04-09_12h47.30.074.csv,True,True
sub-04,ses-19,run-01,3,Negative Space,1.0,"Animated, speech",289.0,538.506312,2.966181,541.47442,288.983478,360.9829,192.6557,830.457898,1.5,694,1041.0,4_1_1_mem_search_recall_2025-04-09_12h47.30.074.csv,True,True
sub-04,ses-19,run-01,4,Synesthesia,1.0,"Live/stop-motion, no speech",169.0,836.492848,2.963331,839.458876,168.995735,559.6393,112.6638,1008.454611,1.5,694,1041.0,4_1_1_mem_search_recall_2025-04-09_12h47.30.074.csv,True,True
sub-04,ses-19,run-02,1,Big Take,2.0,"Live-action, (very little) speech",188.0,12.590719,2.89035,15.483158,188.010252,10.3221,125.3402,203.49341,1.5,666,999.0,4_1_2_mem_search_recall_2025-04-09_13h07.26.143.csv,True,True
sub-04,ses-19,run-02,2,From Dad To Son,3.0,"Animated, no speech",288.0,209.527075,2.965075,212.494085,287.983187,141.6627,191.9888,500.477272,1.5,666,999.0,4_1_2_mem_search_recall_2025-04-09_13h07.26.143.csv,True,True
sub-04,ses-19,run-02,3,The Bench,3.0,"Live-action, speech",238.0,506.50795,2.967916,509.478543,237.988663,339.6524,158.6591,747.467206,1.5,666,999.0,4_1_2_mem_search_recall_2025-04-09_13h07.26.143.csv,True,True
sub-04,ses-19,run-02,4,Table 7,1.0,"Live-action, speech",214.0,753.497345,2.968144,756.467589,213.990754,504.3117,142.6605,970.458343,1.5,666,999.0,4_1_2_mem_search_recall_2025-04-09_13h07.26.143.csv,True,True
sub-04,ses-20,run-01,1,The Bench,3.0,"Live-action, speech",238.0,12.609974,2.870965,15.483049,238.005716,10.322,158.6705,253.488765,1.5,676,1014.0,4_2_1_mem_search_recall_2025-04-16_12h39.01.959.csv,True,True
sub-04,ses-20,run-01,2,The Opposites Game,1.0,"Stop-motion, speech",235.0,259.520572,2.966845,262.489435,234.988703,174.993,156.6591,497.478138,1.5,676,1014.0,4_2_1_mem_search_recall_2025-04-16_12h39.01.959.csv,True,True
sub-04,ses-20,run-01,3,Jennifer Lawrence Is Coming,2.0,"Live-action, speech",197.0,503.678336,2.964618,506.645791,197.009559,337.7639,131.3397,703.65535,1.5,676,1014.0,4_2_1_mem_search_recall_2025-04-16_12h39.01.959.csv,True,True
sub-04,ses-20,run-01,4,Body Double,1.0,"Live-action, speech",267.0,709.786586,2.966815,712.756304,267.001461,475.1709,178.001,979.757765,1.5,676,1014.0,4_2_1_mem_search_recall_2025-04-16_12h39.01.959.csv,True,True
sub-04,ses-20,run-02,1,From Dad To Son,3.0,"Animated, no speech",288.0,12.598197,2.88286,15.483166,287.999071,10.3221,191.9994,303.482237,1.5,702,1053.0,4_2_2_mem_search_recall_2025-04-16_13h00.12.700.csv,True,True
sub-04,ses-20,run-02,2,Chicken Or The Egg,1.0,"Animated, almost no speech",192.0,309.51566,2.965149,312.48351,191.993436,208.3223,127.9956,504.476946,1.5,702,1053.0,4_2_2_mem_search_recall_2025-04-16_13h00.12.700.csv,True,True
sub-04,ses-20,run-02,3,Fool,2.0,"Animated, speech",231.0,510.740077,2.968387,513.7111,230.989201,342.4741,153.9928,744.700301,1.5,702,1053.0,4_2_2_mem_search_recall_2025-04-16_13h00.12.700.csv,True,True
sub-04,ses-20,run-02,4,Identity,1.0,"Live-action, speech",264.0,750.732578,2.965802,753.70111,263.985763,502.4674,175.9905,1017.686873,1.5,702,1053.0,4_2_2_mem_search_recall_2025-04-16_13h00.12.700.csv,True,True
sub-04,ses-21,run-01,1,The Bench,3.0,"Live-action, speech",238.0,12.612636,2.868626,15.483413,238.004842,10.3223,158.6699,253.488255,1.5,712,1068.0,4_3_1_mem_search_recall_2025-04-23_12h43.46.214.csv,True,True
sub-04,ses-21,run-01,2,Wormwood,2.0,"Animated, speech",242.0,259.51972,2.967383,262.489146,241.988047,174.9928,161.3254,504.477193,1.5,712,1068.0,4_3_1_mem_search_recall_2025-04-23_12h43.46.214.csv,True,True
sub-04,ses-21,run-01,3,Finder's Fee,2.0,"Live-action, speech",211.0,510.593792,2.96486,513.561409,210.991696,342.3743,140.6611,724.553105,1.5,712,1068.0,4_3_1_mem_search_recall_2025-04-23_12h43.46.214.csv,True,True
sub-04,ses-21,run-01,4,Shotgun,1.0,"Live-action, speech",300.0,731.017421,2.984584,734.004009,299.98147,489.336,199.9876,1033.985479,1.5,712,1068.0,4_3_1_mem_search_recall_2025-04-23_12h43.46.214.csv,True,True
sub-04,ses-21,run-02,1,Sundown,1.0,"Animated, speech",274.0,12.598798,2.898263,15.499171,274.001816,10.3328,182.6679,289.500987,1.5,704,1056.0,4_3_2_mem_search_recall_2025-04-23_13h04.16.891.csv,True,True
sub-04,ses-21,run-02,2,From Dad To Son,3.0,"Animated, no speech",288.0,295.535705,2.963904,298.502304,287.998875,199.0015,191.9992,586.501179,1.5,704,1056.0,4_3_2_mem_search_recall_2025-04-23_13h04.16.891.csv,True,True
sub-04,ses-21,run-02,3,Tunnel,1.0,"Live-action, no speech",183.0,592.548748,2.95079,595.502297,182.994153,397.0015,121.9961,778.49645,1.5,704,1056.0,4_3_2_mem_search_recall_2025-04-23_13h04.16.891.csv,True,True
sub-04,ses-21,run-02,4,The Heist,1.0,"Animated, speech",234.0,784.726998,2.96742,787.696357,233.990395,525.1309,155.9936,1021.686752,1.5,704,1056.0,4_3_2_mem_search_recall_2025-04-23_13h04.16.891.csv,True,True
sub-04,ses-22,run-01,1,Tomorrowland,2.0,"Live-action, speech",228.0,12.616047,2.864883,15.483035,228.00639,10.322,152.0043,243.489425,1.5,781,1171.5,4_4_1_mem_search_recall_2025-04-30_12h38.12.619.csv,True,True
sub-04,ses-22,run-01,2,The Queen of Basketball,2.0,"Live-action, speech",256.0,250.089255,2.964828,253.056007,255.987026,168.704,170.658,509.043033,1.5,781,1171.5,4_4_1_mem_search_recall_2025-04-30_12h38.12.619.csv,True,True
sub-04,ses-22,run-01,3,Under This Luminous Sky,1.0,"Animated, speech",273.0,515.528415,2.963347,518.494615,273.000738,345.6631,182.0005,791.495353,1.5,781,1171.5,4_4_1_mem_search_recall_2025-04-30_12h38.12.619.csv,True,True
sub-04,ses-22,run-01,4,The Gift,1.0,"Live-action, speech",313.0,798.210089,2.966465,801.178497,312.986652,534.119,208.6578,1114.165149,1.5,781,1171.5,4_4_1_mem_search_recall_2025-04-30_12h38.12.619.csv,True,True
sub-04,ses-22,run-02,1,The Hero,1.0,"Animated, speech",309.0,12.579338,2.902215,15.483635,309.013944,10.3224,206.0093,324.497579,1.5,782,1173.0,4_4_2_mem_search_recall_2025-04-30_12h59.52.447.csv,True,True
sub-04,ses-22,run-02,2,The Bench,3.0,"Live-action, speech",238.0,330.52989,2.966356,333.499322,237.988078,222.3329,158.6587,571.4874,1.5,782,1173.0,4_4_2_mem_search_recall_2025-04-30_12h59.52.447.csv,True,True
sub-04,ses-22,run-02,3,Good Job,1.0,"Animated, speech",260.0,577.536892,2.948944,580.4886,259.985339,386.9924,173.3236,840.473939,1.5,782,1173.0,4_4_2_mem_search_recall_2025-04-30_12h59.52.447.csv,True,True
sub-04,ses-22,run-02,4,From Dad to Son,3.0,"Animated, no speech",288.0,846.590635,2.964639,849.558037,287.999607,566.372,191.9997,1137.557644,1.5,782,1173.0,4_4_2_mem_search_recall_2025-04-30_12h59.52.447.csv,True,True
sub-04,ses-23,run-01,1,Last Summer,1.0,"Animated, speech",366.0,12.634505,2.862629,15.499215,366.008011,10.3328,244.0053,381.507226,1.5,814,1221.0,4_5_1_mem_search_recall_2025-05-05_11h59.52.187.csv,True,True
sub-04,ses-23,run-01,2,The Wishgranter,1.0,"Animated, no speech",273.0,387.787722,2.968102,390.757953,273.001713,260.5053,182.0011,663.759666,1.5,814,1221.0,4_5_1_mem_search_recall_2025-05-05_11h59.52.187.csv,True,True
sub-04,ses-23,run-01,3,The Bench,3.0,"Live-action, speech",238.0,670.341355,2.965987,673.310003,238.005166,448.8733,158.6701,911.315169,1.5,814,1221.0,4_5_1_mem_search_recall_2025-05-05_11h59.52.187.csv,True,True
sub-04,ses-23,run-01,4,Mrs. Harris Goes to Paris,2.0,"Live-action, speech",269.0,917.34674,2.966532,920.315919,268.984975,613.5439,179.3233,1189.300894,1.5,814,1221.0,4_5_1_mem_search_recall_2025-05-05_11h59.52.187.csv,True,True
sub-04,ses-23,run-02,1,From Dad To Son,3.0,"Animated, no speech",288.0,12.583937,2.897113,15.483139,287.99965,10.3221,191.9998,303.482789,1.5,705,1057.5,4_5_2_mem_search_recall_2025-05-05_12h23.47.287.csv,True,True
sub-04,ses-23,run-02,2,Splash,2.0,"Live-action, speech",311.0,309.516199,2.965312,312.484385,310.996578,208.3229,207.3311,623.480963,1.5,705,1057.5,4_5_2_mem_search_recall_2025-05-05_12h23.47.287.csv,True,True
sub-04,ses-23,run-02,3,Scavengers Reign,1.0,"Animated, speech",219.0,630.162159,2.950221,633.114697,219.007274,422.0765,146.0048,852.121971,1.5,705,1057.5,4_5_2_mem_search_recall_2025-05-05_12h23.47.287.csv,True,True
sub-04,ses-23,run-02,4,Good Luck Chuck,1.0,"Live-action, speech",165.0,858.571729,2.965611,861.539958,164.996548,574.36,109.9977,1026.536506,1.5,705,1057.5,4_5_2_mem_search_recall_2025-05-05_12h23.47.287.csv,True,True
sub-04,ses-24,run-01,1,Adventure Time,1.0,"Animated, speech",237.0,12.593052,2.90495,15.500043,236.988668,10.3334,157.9924,252.488711,1.5,782,1173.0,4_6_1_mem_search_recall_2025-05-14_12h50.46.937.csv,True,True
sub-04,ses-24,run-01,2,Golden Hour,1.0,"Animated, speech",334.0,259.258707,2.945013,262.206573,333.994414,174.8044,222.6629,596.200987,1.5,782,1173.0,4_6_1_mem_search_recall_2025-05-14_12h50.46.937.csv,True,True
sub-04,ses-24,run-01,3,The Bench,3.0,"Live-action, speech",238.0,602.566462,2.94934,605.518672,238.00412,403.6791,158.6694,843.522792,1.5,782,1173.0,4_6_1_mem_search_recall_2025-05-14_12h50.46.937.csv,True,True
sub-04,ses-24,run-01,4,From Dad To Son,3.0,"Animated, no speech",288.0,849.559513,2.961579,852.52398,287.982844,568.3493,191.9886,1140.506824,1.5,782,1173.0,4_6_1_mem_search_recall_2025-05-14_12h50.46.937.csv,True,True
sub-04,ses-24,run-02,1,Nonstop,2.0,"Live-action, speech",184.0,12.585198,2.895625,15.482904,184.011673,10.3219,122.6744,199.494577,1.5,596,894.0,4_6_2_mem_search_recall_2025-05-14_13h12.47.819.csv,True,True
sub-04,ses-24,run-02,2,Mr Bean,2.0,"Live-action, speech",180.0,205.676475,2.949254,208.627667,179.995183,139.0851,119.9968,388.62285,1.5,596,894.0,4_6_2_mem_search_recall_2025-05-14_13h12.47.819.csv,True,True
sub-04,ses-24,run-02,3,Sweet Dreams,1.0,"Animated, speech",227.0,394.773467,2.964928,397.741069,226.988025,265.1607,151.3253,624.729094,1.5,596,894.0,4_6_2_mem_search_recall_2025-05-14_13h12.47.819.csv,True,True
sub-04,ses-24,run-02,4,Next Goal Wins,1.0,"Live-action, speech",227.0,631.21398,2.964384,634.181383,226.989335,422.7876,151.3262,861.170718,1.5,596,894.0,4_6_2_mem_search_recall_2025-05-14_13h12.47.819.csv,True,True
sub-04,ses-25,run-01,1,The Bench,3.0,"Live-action, speech",238.0,13.337714,2.143512,15.483278,238.005794,10.3222,158.6705,253.489072,1.5,735,1102.5,4_7_1_mem_search_recall_2025-05-21_12h47.06.876.csv,True,True
sub-04,ses-25,run-01,2,Arthur Christmas,1.0,"Animated, speech",181.0,260.51957,2.951139,263.472656,180.994962,175.6484,120.6633,444.467618,1.5,735,1102.5,4_7_1_mem_search_recall_2025-05-21_12h47.06.876.csv,True,True
sub-04,ses-25,run-01,3,White Bird,1.0,"Live-action, speech",290.0,450.513591,2.952324,453.467818,289.999797,302.3119,193.3332,743.467615,1.5,735,1102.5,4_7_1_mem_search_recall_2025-05-21_12h47.06.876.csv,True,True
sub-04,ses-25,run-01,4,The Balcony,2.0,"Animated, speech",316.0,749.965129,2.967362,752.935559,315.996016,501.957,210.664,1068.931575,1.5,735,1102.5,4_7_1_mem_search_recall_2025-05-21_12h47.06.876.csv,True,True
sub-04,ses-25,run-02,1,She,1.0,"Live-action, speech",289.0,12.580231,2.900832,15.483103,289.001436,10.3221,192.6676,304.484539,1.5,813,1219.5,4_7_2_mem_search_recall_2025-05-21_13h08.36.308.csv,True,True
sub-04,ses-25,run-02,2,From Dad To Son,3.0,"Animated, no speech",288.0,310.5143,2.967814,313.485182,287.998643,208.9901,191.9991,601.483825,1.5,813,1219.5,4_7_2_mem_search_recall_2025-05-21_13h08.36.308.csv,True,True
sub-04,ses-25,run-02,3,Life is Strange,1.0,"Live-action, speech",268.0,607.531451,2.950749,610.485165,267.984133,406.9901,178.6561,878.469298,1.5,813,1219.5,4_7_2_mem_search_recall_2025-05-21_13h08.36.308.csv,True,True
sub-04,ses-25,run-02,4,The Soloists,2.0,"Animated, speech",300.0,884.997766,2.969428,887.969958,299.999185,591.98,199.9995,1187.969143,1.5,813,1219.5,4_7_2_mem_search_recall_2025-05-21_13h08.36.308.csv,True,True
sub-04,ses-26,run-01,1,Harold & The Purple Crayon,1.0,"Animated, speech",259.0,12.637382,2.843847,15.483417,259.002393,10.3223,172.6683,274.48581,1.5,685,1027.5,4_8_1_mem_search_recall_2025-05-23_12h45.06.446.csv,True,True
sub-04,ses-26,run-01,2,Bad Guys,1.0,"Animated, speech",235.0,280.665922,2.968271,283.636118,235.005737,189.0907,156.6705,518.641855,1.5,685,1027.5,4_8_1_mem_search_recall_2025-05-23_12h45.06.446.csv,True,True
sub-04,ses-26,run-01,3,Coal Miner's Daughter,2.0,"Live-action, speech",230.0,524.672558,2.968602,527.643857,229.9886,351.7626,153.3257,757.632457,1.5,685,1027.5,4_8_1_mem_search_recall_2025-05-23_12h45.06.446.csv,True,True
sub-04,ses-26,run-01,4,The Adventures of Sharkboy and Lavagirl,1.0,"Live-action, speech",228.0,763.747471,2.9665,766.716685,227.989731,511.1445,151.9932,994.706416,1.5,685,1027.5,4_8_1_mem_search_recall_2025-05-23_12h45.06.446.csv,True,True
sub-04,ses-26,run-02,1,From Dad To Son,3.0,"Animated, no speech",288.0,12.582699,2.898386,15.483169,287.99979,10.3221,191.9999,303.482959,1.5,697,1045.5,4_8_2_mem_search_recall_2025-05-23_13h03.58.795.csv,True,True
sub-04,ses-26,run-02,2,Dungeons & Dragons,1.0,"Live-action, speech",240.0,309.531787,2.949758,312.483456,239.988331,208.3223,159.9922,552.471787,1.5,697,1045.5,4_8_2_mem_search_recall_2025-05-23_13h03.58.795.csv,True,True
sub-04,ses-26,run-02,3,The Bench,3.0,"Live-action, speech",238.0,558.503907,2.96625,561.472837,237.988603,374.3152,158.6591,799.46144,1.5,697,1045.5,4_8_2_mem_search_recall_2025-05-23_13h03.58.795.csv,True,True
sub-04,ses-26,run-02,4,The Present,2.0,"Animated, speech",203.0,805.493426,2.96607,808.461349,202.992837,538.9742,135.3286,1011.454186,1.5,697,1045.5,4_8_2_mem_search_recall_2025-05-23_13h03.58.795.csv,True,True
sub-04,ses-27,run-01,1,Home,1.0,"Animated, speech",236.0,12.659001,2.839138,15.500149,235.988651,10.3334,157.3258,251.4888,1.5,716,1074.0,4_9_1_mem_search_recall_2025-05-29_10h11.02.764.csv,True,True
sub-04,ses-27,run-01,2,Downton Abbey,1.0,"Live-action, speech",245.0,257.888894,2.948189,260.839846,245.003683,173.8932,163.3358,505.843529,1.5,716,1074.0,4_9_1_mem_search_recall_2025-05-29_10h11.02.764.csv,True,True
sub-04,ses-27,run-01,3,Goodbye Nimbus,2.0,"Animated, speech",281.0,511.874074,2.967883,514.844866,280.983403,343.2299,187.3223,795.828269,1.5,716,1074.0,4_9_1_mem_search_recall_2025-05-29_10h11.02.764.csv,True,True
sub-04,ses-27,run-01,4,Sgt Bilko,1.0,"Live-action, speech",234.0,802.425864,2.967002,805.395747,233.988461,536.9305,155.9923,1039.384208,1.5,716,1074.0,4_9_1_mem_search_recall_2025-05-29_10h11.02.764.csv,True,True
sub-04,ses-27,run-02,1,The Bench,3.0,"Live-action, speech",238.0,12.584018,2.897109,15.483238,238.005575,10.3222,158.6704,253.488813,1.5,709,1063.5,4_9_2_mem_search_recall_2025-05-29_10h32.06.524.csv,True,True
sub-04,ses-27,run-02,2,From Dad To Son,3.0,"Animated, no speech",288.0,259.539097,2.947953,262.489723,287.999149,174.9931,191.9994,550.488872,1.5,709,1063.5,4_9_2_mem_search_recall_2025-05-29_10h32.06.524.csv,True,True
sub-04,ses-27,run-02,3,Eighth Grade,2.0,"Live-action, speech",281.0,556.519427,2.968461,559.48972,280.983485,372.9931,187.3223,840.473205,1.5,709,1063.5,4_9_2_mem_search_recall_2025-05-29_10h32.06.524.csv,True,True
sub-04,ses-27,run-02,4,Paws of Fury,1.0,"Animated, speech",180.0,847.002335,2.952689,849.956998,180.012295,566.638,120.0082,1029.969293,1.5,709,1063.5,4_9_2_mem_search_recall_2025-05-29_10h32.06.524.csv,True,True
sub-04,ses-28,run-01,1,King Richard,1.0,"Live-action, speech",270.0,12.626997,2.854168,15.483267,270.001268,10.3222,180.0008,285.484535,1.5,542,813.0,4_10_1_mem_search_recall_2025-05-30_10h39.54.453.csv,True,True
sub-04,ses-28,run-01,2,Working Class Kids,1.0,"Animated, speech",240.0,291.517315,2.965924,294.485922,239.987921,196.3239,159.9919,534.473843,1.5,542,813.0,4_10_1_mem_search_recall_2025-05-30_10h39.54.453.csv,True,True
sub-04,ses-28,run-01,3,The Bench,3.0,"Live-action, speech",238.0,540.721137,2.96834,543.691388,237.988217,362.4609,158.6588,781.679605,1.5,542,813.0,4_10_1_mem_search_recall_2025-05-30_10h39.54.453.csv,True,True
sub-04,ses-28,run-02,1,From Dad To Son,3.0,"Animated, no speech",288.0,12.586383,2.894758,15.483213,287.999073,10.3221,191.9994,303.482286,1.5,580,870.0,4_10_2_mem_search_recall_2025-05-30_10h55.32.654.csv,True,True
sub-04,ses-28,run-02,2,Maple and Mae,1.0,"Animated, speech",320.0,309.514297,2.967134,312.483341,319.996416,208.3222,213.3309,632.479757,1.5,580,870.0,4_10_2_mem_search_recall_2025-05-30_10h55.32.654.csv,True,True
sub-04,ses-28,run-02,3,Galaxy Quest,1.0,"Live-action, speech",195.0,638.593963,2.967284,641.563908,194.993095,427.7093,129.9954,836.557003,1.5,580,870.0,4_10_2_mem_search_recall_2025-05-30_10h55.32.654.csv,True,True
sub-05,ses-19,run-01,1,Table 7,1.0,"Live-action, speech",214.0,12.630929,2.849919,15.483291,214.007881,10.3222,142.6719,229.491172,1.5,683,1024.5,5_1_1_mem_search_recall_2025-07-10_14h03.05.408.csv,True,True
sub-05,ses-19,run-01,2,Coin Operated,1.0,"Animated, no speech",281.0,235.518757,2.970833,238.491479,280.984012,158.9943,187.3227,519.475491,1.5,683,1024.5,5_1_1_mem_search_recall_2025-07-10_14h03.05.408.csv,True,True
sub-05,ses-19,run-01,3,From Dad To Son,3.0,"Animated, no speech",288.0,525.502687,2.971282,528.476086,287.9833,352.3174,191.9889,816.459386,1.5,683,1024.5,5_1_1_mem_search_recall_2025-07-10_14h03.05.408.csv,True,True
sub-05,ses-19,run-01,4,Synesthesia,1.0,"Live/stop-motion, no speech",169.0,822.497674,2.96011,825.461493,168.994553,550.3077,112.663,994.456046,1.5,683,1024.5,5_1_1_mem_search_recall_2025-07-10_14h03.05.408.csv,True,True
sub-05,ses-19,run-02,1,Snack Attack,2.0,"Animated, no speech",227.0,12.582224,2.899263,15.484059,227.005088,10.3227,151.3367,242.489147,1.5,677,1015.5,5_1_2_mem_search_recall_2025-07-10_14h29.56.870.csv,True,True
sub-05,ses-19,run-02,2,The Bench,3.0,"Live-action, speech",238.0,248.515802,2.972511,251.490429,237.987894,167.6603,158.6586,489.478323,1.5,677,1015.5,5_1_2_mem_search_recall_2025-07-10_14h29.56.870.csv,True,True
sub-05,ses-19,run-02,3,Big Take,2.0,"Live-action, (very little) speech",188.0,495.513332,2.963811,498.480051,187.994051,332.32,125.3294,686.474102,1.5,677,1015.5,5_1_2_mem_search_recall_2025-07-10_14h29.56.870.csv,True,True
sub-05,ses-19,run-02,4,Negative Space,1.0,"Animated, speech",289.0,692.509113,2.963221,695.474596,288.999048,463.6497,192.666,984.473644,1.5,677,1015.5,5_1_2_mem_search_recall_2025-07-10_14h29.56.870.csv,True,True
sub-05,ses-20,run-01,1,Jennifer Lawrence Is Coming,2.0,"Live-action, speech",197.0,12.653254,2.844098,15.49974,197.009584,10.3332,131.3397,212.509324,1.5,703,1054.5,5_2_1_mem_search_recall_2025-07-14_13h55.13.015.csv,True,True
sub-05,ses-20,run-01,2,Fool,2.0,"Animated, speech",231.0,218.738347,2.96942,221.710004,230.989313,147.8067,153.9929,452.699317,1.5,703,1054.5,5_2_1_mem_search_recall_2025-07-14_13h55.13.015.csv,True,True
sub-05,ses-20,run-01,3,Identity,1.0,"Live-action, speech",264.0,458.736578,2.961071,461.699754,263.986434,307.7998,175.991,725.686188,1.5,703,1054.5,5_2_1_mem_search_recall_2025-07-14_13h55.13.015.csv,True,True
sub-05,ses-20,run-01,4,From Dad To Son,3.0,"Animated, no speech",288.0,731.920497,2.947039,734.869601,288.000631,489.9131,192.0004,1022.870232,1.5,703,1054.5,5_2_1_mem_search_recall_2025-07-14_13h55.13.015.csv,True,True
sub-05,ses-20,run-02,1,The Bench,3.0,"Live-action, speech",238.0,12.579907,2.901024,15.483064,238.004976,10.322,158.67,253.48804,1.5,675,1012.5,5_2_2_mem_search_recall_2025-07-14_14h14.42.912.csv,True,True
sub-05,ses-20,run-02,2,Body Double,1.0,"Live-action, speech",267.0,259.522747,2.963651,262.489524,266.984712,174.993,177.9898,529.474236,1.5,675,1012.5,5_2_2_mem_search_recall_2025-07-14_14h14.42.912.csv,True,True
sub-05,ses-20,run-02,3,The Opposites Game,1.0,"Stop-motion, speech",235.0,535.510001,2.962464,538.474812,234.988808,358.9832,156.6592,773.46362,1.5,675,1012.5,5_2_2_mem_search_recall_2025-07-14_14h14.42.912.csv,True,True
sub-05,ses-20,run-02,4,Chicken Or The Egg,1.0,"Animated, almost no speech",192.0,779.683462,2.945258,782.63171,192.009669,521.7545,128.0064,974.641379,1.5,675,1012.5,5_2_2_mem_search_recall_2025-07-14_14h14.42.912.csv,True,True
sub-05,ses-21,run-01,1,The Heist,1.0,"Animated, speech",234.0,13.39916,2.082215,15.483636,234.005289,10.3224,156.0035,249.488925,1.5,689,1033.5,5_3_1_mem_search_recall_2025-07-17_12h40.27.473.csv,True,True
sub-05,ses-21,run-01,2,Wormwood,2.0,"Animated, speech",242.0,255.607029,2.946384,258.555354,242.005755,172.3702,161.3372,500.561109,1.5,689,1033.5,5_3_1_mem_search_recall_2025-07-17_12h40.27.473.csv,True,True
sub-05,ses-21,run-01,3,Shotgun,1.0,"Live-action, speech",300.0,506.67831,2.964586,509.646051,299.997821,339.764,199.9985,809.643872,1.5,689,1033.5,5_3_1_mem_search_recall_2025-07-17_12h40.27.473.csv,True,True
sub-05,ses-21,run-01,4,Tunnel,1.0,"Live-action, no speech",183.0,815.829072,2.962763,818.79601,182.992868,545.864,121.9952,1001.788878,1.5,689,1033.5,5_3_1_mem_search_recall_2025-07-17_12h40.27.473.csv,True,True
sub-05,ses-21,run-02,1,The Bench,3.0,"Live-action, speech",238.0,12.582623,2.898814,15.483962,238.004242,10.3226,158.6695,253.488204,1.5,723,1084.5,5_3_2_mem_search_recall_2025-07-17_12h59.53.669.csv,True,True
sub-05,ses-21,run-02,2,From Dad To Son,3.0,"Animated, no speech",288.0,259.52243,2.964574,262.489593,287.98248,174.9931,191.9883,550.472073,1.5,723,1084.5,5_3_2_mem_search_recall_2025-07-17_12h59.53.669.csv,True,True
sub-05,ses-21,run-02,3,Finder's Fee,2.0,"Live-action, speech",211.0,556.507736,2.962811,559.473321,210.991276,372.9822,140.6609,770.464597,1.5,723,1084.5,5_3_2_mem_search_recall_2025-07-17_12h59.53.669.csv,True,True
sub-05,ses-21,run-02,4,Sundown,1.0,"Animated, speech",274.0,776.945661,2.950113,779.897934,274.001471,519.932,182.6676,1053.899405,1.5,723,1084.5,5_3_2_mem_search_recall_2025-07-17_12h59.53.669.csv,True,True
sub-05,ses-22,run-01,1,The Queen of Basketball,2.0,"Live-action, speech",256.0,12.62989,2.851587,15.483856,256.002935,10.3226,170.6686,271.486791,1.5,818,1227.0,5_4_1_mem_search_recall_2025-07-22_10h13.14.163.csv,True,True
sub-05,ses-22,run-01,2,Under This Luminous Sky,1.0,"Animated, speech",273.0,278.037101,2.964828,281.003949,273.001393,187.336,182.0009,554.005342,1.5,818,1227.0,5_4_1_mem_search_recall_2025-07-22_10h13.14.163.csv,True,True
sub-05,ses-22,run-01,3,The Hero,1.0,"Animated, speech",309.0,560.709668,2.961021,563.674103,308.995668,375.7827,205.9971,872.669771,1.5,818,1227.0,5_4_1_mem_search_recall_2025-07-22_10h13.14.163.csv,True,True
sub-05,ses-22,run-01,4,The Gift,1.0,"Live-action, speech",313.0,878.706369,2.96179,881.671645,312.996735,587.7811,208.6645,1194.66838,1.5,818,1227.0,5_4_1_mem_search_recall_2025-07-22_10h13.14.163.csv,True,True
sub-05,ses-22,run-02,1,From Dad to Son,3.0,"Animated, no speech",288.0,12.594748,2.886619,15.483689,287.998846,10.3225,191.9992,303.482535,1.5,726,1089.0,5_4_2_mem_search_recall_2025-07-22_10h35.31.687.csv,True,True
sub-05,ses-22,run-02,2,Good Job,1.0,"Animated, speech",260.0,309.520453,2.960663,312.484334,259.986569,208.3229,173.3244,572.470903,1.5,726,1089.0,5_4_2_mem_search_recall_2025-07-22_10h35.31.687.csv,True,True
sub-05,ses-22,run-02,3,The Bench,3.0,"Live-action, speech",238.0,578.587128,2.964412,581.554391,237.987519,387.7029,158.6583,819.54191,1.5,726,1089.0,5_4_2_mem_search_recall_2025-07-22_10h35.31.687.csv,True,True
sub-05,ses-22,run-02,4,Tomorrowland,2.0,"Live-action, speech",228.0,825.576664,2.979781,828.558439,227.974431,552.3723,151.983,1056.53287,1.5,726,1089.0,5_4_2_mem_search_recall_2025-07-22_10h35.31.687.csv,True,True
sub-05,ses-23,run-01,1,The Wishgranter,1.0,"Animated, no speech",273.0,13.332989,2.148072,15.483059,273.001197,10.322,182.0008,288.484256,1.5,731,1096.5,5_5_1_mem_search_recall_2025-07-24_10h10.39.845.csv,True,True
sub-05,ses-23,run-01,2,Last Summer,1.0,"Animated, speech",366.0,294.606812,2.959363,297.568886,365.990917,198.3793,243.9939,663.559803,1.5,731,1096.5,5_5_1_mem_search_recall_2025-07-24_10h10.39.845.csv,True,True
sub-05,ses-23,run-01,3,Scavengers Reign,1.0,"Animated, speech",219.0,669.756213,2.951668,672.710711,219.006797,448.4738,146.0045,891.717508,1.5,731,1096.5,5_5_1_mem_search_recall_2025-07-24_10h10.39.845.csv,True,True
sub-05,ses-23,run-01,4,Good Luck Chuck,1.0,"Live-action, speech",165.0,898.181495,2.950615,901.135067,164.996444,600.7567,109.9976,1066.131511,1.5,731,1096.5,5_5_1_mem_search_recall_2025-07-24_10h10.39.845.csv,True,True
sub-05,ses-23,run-02,1,From Dad To Son,3.0,"Animated, no speech",288.0,12.586616,2.911219,15.500013,287.982012,10.3333,191.988,303.482025,1.5,787,1180.5,5_5_2_mem_search_recall_2025-07-24_10h33.32.849.csv,True,True
sub-05,ses-23,run-02,2,The Bench,3.0,"Live-action, speech",238.0,309.515459,2.965281,312.483376,237.988045,208.3223,158.6587,550.471421,1.5,787,1180.5,5_5_2_mem_search_recall_2025-07-24_10h33.32.849.csv,True,True
sub-05,ses-23,run-02,3,Mrs. Harris Goes to Paris,2.0,"Live-action, speech",269.0,556.503647,2.966391,559.473043,268.984632,372.982,179.3231,828.457675,1.5,787,1180.5,5_5_2_mem_search_recall_2025-07-24_10h33.32.849.csv,True,True
sub-05,ses-23,run-02,4,Splash,2.0,"Live-action, speech",311.0,834.570508,2.968983,837.542505,310.996652,558.3617,207.3311,1148.539157,1.5,787,1180.5,5_5_2_mem_search_recall_2025-07-24_10h33.32.849.csv,True,True
sub-05,ses-24,run-01,1,The Bench,3.0,"Live-action, speech",238.0,13.303292,2.176278,15.481622,237.988661,10.3211,158.6591,253.470283,1.5,610,915.0,5_6_1_mem_search_recall_2025-08-12_10h11.04.301.csv,True,True
sub-05,ses-24,run-01,2,Nonstop,2.0,"Live-action, speech",184.0,260.488502,2.946329,263.43796,183.99428,175.6253,122.6629,447.43224,1.5,610,915.0,5_6_1_mem_search_recall_2025-08-12_10h11.04.301.csv,True,True
sub-05,ses-24,run-01,3,Mr Bean,2.0,"Live-action, speech",180.0,453.582698,2.964691,456.550542,179.99382,304.367,119.9959,636.544362,1.5,610,915.0,5_6_1_mem_search_recall_2025-08-12_10h11.04.301.csv,True,True
sub-05,ses-24,run-01,4,Adventure Time,1.0,"Animated, speech",237.0,642.710856,2.965046,645.678828,236.987528,430.4526,157.9917,882.666356,1.5,610,915.0,5_6_1_mem_search_recall_2025-08-12_10h11.04.301.csv,True,True
sub-05,ses-24,run-02,1,Next Goal Wins,1.0,"Live-action, speech",227.0,12.591758,2.889333,15.483171,227.00636,10.3221,151.3376,242.489531,1.5,769,1153.5,5_6_2_mem_search_recall_2025-08-12_10h29.36.694.csv,True,True
sub-05,ses-24,run-02,2,From Dad To Son,3.0,"Animated, no speech",288.0,249.158908,2.945234,252.106989,287.999231,168.0713,191.9995,540.10622,1.5,769,1153.5,5_6_2_mem_search_recall_2025-08-12_10h29.36.694.csv,True,True
sub-05,ses-24,run-02,3,Golden Hour,1.0,"Animated, speech",334.0,546.140672,2.96393,549.10747,333.994618,366.0716,222.6631,883.102088,1.5,769,1153.5,5_6_2_mem_search_recall_2025-08-12_10h29.36.694.csv,True,True
sub-05,ses-24,run-02,4,Sweet Dreams,1.0,"Animated, speech",227.0,889.469261,2.947353,892.419552,227.004901,594.9464,151.3366,1119.424453,1.5,769,1153.5,5_6_2_mem_search_recall_2025-08-12_10h29.36.694.csv,True,True
sub-05,ses-25,run-01,1,From Dad To Son,3.0,"Animated, no speech",288.0,12.799461,2.681771,15.483437,287.999502,10.3223,191.9997,303.482939,1.5,792,1188.0,5_7_1_mem_search_recall_2025-08-14_10h19.08.863.csv,True,True
sub-05,ses-25,run-01,2,The Bench,3.0,"Live-action, speech",238.0,309.517064,2.964449,312.484674,237.987744,208.3231,158.6585,550.472418,1.5,792,1188.0,5_7_1_mem_search_recall_2025-08-14_10h19.08.863.csv,True,True
sub-05,ses-25,run-01,3,She,1.0,"Live-action, speech",289.0,556.518355,2.952516,559.472764,288.999619,372.9818,192.6664,848.472383,1.5,792,1188.0,5_7_1_mem_search_recall_2025-08-14_10h19.08.863.csv,True,True
sub-05,ses-25,run-01,4,The Soloists,2.0,"Animated, speech",300.0,854.503305,2.967399,857.473636,299.998555,571.6491,199.999,1157.472191,1.5,792,1188.0,5_7_1_mem_search_recall_2025-08-14_10h19.08.863.csv,True,True
sub-05,ses-25,run-02,1,Life is Strange,1.0,"Live-action, speech",268.0,12.587553,2.893567,15.483243,268.001666,10.3222,178.6678,283.484909,1.5,755,1132.5,5_7_2_mem_search_recall_2025-08-14_10h40.42.476.csv,True,True
sub-05,ses-25,run-02,2,Arthur Christmas,1.0,"Animated, speech",181.0,290.018081,2.965171,292.986163,180.993844,195.3241,120.6626,473.980007,1.5,755,1132.5,5_7_2_mem_search_recall_2025-08-14_10h40.42.476.csv,True,True
sub-05,ses-25,run-02,3,White Bird,1.0,"Live-action, speech",290.0,480.010914,2.967628,482.980467,289.987963,321.987,193.3253,772.96843,1.5,755,1132.5,5_7_2_mem_search_recall_2025-08-14_10h40.42.476.csv,True,True
sub-05,ses-25,run-02,4,The Balcony,2.0,"Animated, speech",316.0,779.495504,2.950228,782.447695,316.002046,521.6318,210.668,1098.449741,1.5,755,1132.5,5_7_2_mem_search_recall_2025-08-14_10h40.42.476.csv,True,True
sub-05,ses-26,run-01,1,The Bench,3.0,"Live-action, speech",238.0,12.633617,2.86355,15.499253,238.005172,10.3328,158.6701,253.504425,1.5,649,973.5,5_8_1_mem_search_recall_2025-08-19_10h14.16.610.csv,True,True
sub-05,ses-26,run-01,2,The Present,2.0,"Animated, speech",203.0,259.536879,2.966111,262.506043,202.991961,175.004,135.328,465.498004,1.5,649,973.5,5_8_1_mem_search_recall_2025-08-19_10h14.16.610.csv,True,True
sub-05,ses-26,run-01,3,The Adventures of Sharkboy and Lavagirl,1.0,"Live-action, speech",228.0,471.929378,2.950237,474.882652,228.005043,316.5884,152.0034,702.887695,1.5,649,973.5,5_8_1_mem_search_recall_2025-08-19_10h14.16.610.csv,True,True
sub-05,ses-26,run-01,4,Coal Miner's Daughter,2.0,"Live-action, speech",230.0,708.920212,2.96642,711.889431,229.989474,474.593,153.3263,941.878905,1.5,649,973.5,5_8_1_mem_search_recall_2025-08-19_10h14.16.610.csv,True,True
sub-05,ses-26,run-02,1,Bad Guys,1.0,"Animated, speech",235.0,12.58663,2.894441,15.483206,235.005787,10.3221,156.6705,250.488993,1.5,733,1099.5,5_8_2_mem_search_recall_2025-08-19_10h32.25.849.csv,True,True
sub-05,ses-26,run-02,2,Harold & The Purple Crayon,1.0,"Animated, speech",259.0,256.52447,2.963597,259.490875,258.985202,172.9939,172.6568,518.476077,1.5,733,1099.5,5_8_2_mem_search_recall_2025-08-19_10h32.25.849.csv,True,True
sub-05,ses-26,run-02,3,Dungeons & Dragons,1.0,"Live-action, speech",240.0,524.607984,2.966167,527.57691,240.004499,351.7179,160.003,767.581409,1.5,733,1099.5,5_8_2_mem_search_recall_2025-08-19_10h32.25.849.csv,True,True
sub-05,ses-26,run-02,4,From Dad To Son,3.0,"Animated, no speech",288.0,773.614279,2.965599,776.582485,287.9991,517.7217,191.9994,1064.581585,1.5,733,1099.5,5_8_2_mem_search_recall_2025-08-19_10h32.25.849.csv,True,True
sub-05,ses-27,run-01,1,From Dad To Son,3.0,"Animated, no speech",288.0,13.342286,2.138814,15.483181,288.000142,10.3221,192.0001,303.483323,1.5,721,1081.5,5_9_1_mem_search_recall_2025-08-21_10h12.06.211.csv,True,True
sub-05,ses-27,run-01,2,Downton Abbey,1.0,"Live-action, speech",245.0,310.313398,2.951754,313.268241,245.002996,208.8455,163.3353,558.271237,1.5,721,1081.5,5_9_1_mem_search_recall_2025-08-21_10h12.06.211.csv,True,True
sub-05,ses-27,run-01,3,Home,1.0,"Animated, speech",236.0,564.302073,2.967598,567.272534,235.988429,378.1817,157.3256,803.260963,1.5,721,1081.5,5_9_1_mem_search_recall_2025-08-21_10h12.06.211.csv,True,True
sub-05,ses-27,run-01,4,The Bench,3.0,"Live-action, speech",238.0,809.509496,2.966245,812.478746,237.98802,541.6525,158.6587,1050.466766,1.5,721,1081.5,5_9_1_mem_search_recall_2025-08-21_10h12.06.211.csv,True,True
sub-05,ses-27,run-02,1,Eighth Grade,2.0,"Live-action, speech",281.0,12.602605,2.894635,15.499362,281.00039,10.3329,187.3336,296.499752,1.5,702,1053.0,5_9_2_mem_search_recall_2025-08-21_10h31.54.881.csv,True,True
sub-05,ses-27,run-02,2,Paws of Fury,1.0,"Animated, speech",180.0,303.051216,2.964179,306.017361,179.995309,204.0116,119.9969,486.01267,1.5,702,1053.0,5_9_2_mem_search_recall_2025-08-21_10h31.54.881.csv,True,True
sub-05,ses-27,run-02,3,Goodbye Nimbus,2.0,"Animated, speech",281.0,492.343449,2.950694,495.296786,281.000406,330.1979,187.3336,776.297192,1.5,702,1053.0,5_9_2_mem_search_recall_2025-08-21_10h31.54.881.csv,True,True
sub-05,ses-27,run-02,4,Sgt Bilko,1.0,"Live-action, speech",234.0,782.896676,2.948516,785.84794,234.005331,523.8986,156.0036,1019.853271,1.5,702,1053.0,5_9_2_mem_search_recall_2025-08-21_10h31.54.881.csv,True,True
sub-05,ses-28,run-01,1,Galaxy Quest,1.0,"Live-action, speech",195.0,12.630826,2.86752,15.500435,194.992604,10.3336,129.9951,210.493039,1.5,515,772.5,5_10_1_mem_search_recall_2025-08-26_10h10.29.243.csv,True,True
sub-05,ses-28,run-01,2,King Richard,1.0,"Live-action, speech",270.0,217.097238,2.878622,219.977821,270.001114,146.6519,180.0007,489.978935,1.5,515,772.5,5_10_1_mem_search_recall_2025-08-26_10h10.29.243.csv,True,True
sub-05,ses-28,run-01,3,The Bench,3.0,"Live-action, speech",238.0,496.011518,2.965529,498.979104,237.989329,332.6527,158.6596,736.968433,1.5,515,772.5,5_10_1_mem_search_recall_2025-08-26_10h10.29.243.csv,True,True
sub-05,ses-28,run-02,1,From Dad To Son,3.0,"Animated, no speech",288.0,12.584273,2.913681,15.500253,287.982487,10.3335,191.9883,303.48274,1.5,609,913.5,5_10_2_mem_search_recall_2025-08-26_10h25.13.452.csv,True,True
sub-05,ses-28,run-02,2,Maple and Mae,1.0,"Animated, speech",320.0,309.533035,2.948257,312.484075,319.994122,208.3227,213.3294,632.478197,1.5,609,913.5,5_10_2_mem_search_recall_2025-08-26_10h25.13.452.csv,True,True
sub-05,ses-28,run-02,3,Working Class Kids,1.0,"Animated, speech",240.0,638.595617,2.964029,641.562759,239.987878,427.7085,159.9919,881.550637,1.5,609,913.5,5_10_2_mem_search_recall_2025-08-26_10h25.13.452.csv,True,True
